{"cameraMode":{"drawMode":0,"name":"Shaded","section":"Shading Mode"},"sceneLighting":true,"audioPlay":false,"sceneViewState":{"showFog":true,"showMaterialUpdate":false,"showSkybox":true,"showFlares":true,"showImageEffects":true,"showParticleSystems":true},"in2DMode":false,"pivot":{"x":26.801340103149415,"y":1.4094021320343018,"z":27.999425888061525},"rotation":{"x":0.1421765238046646,"y":-0.571736216545105,"z":0.10137759894132614,"w":0.8016901016235352},"size":1.8761072158813477,"orthographic":false}